time,dives,contracts,permits,raids
06-30-2023 23:59:59,413,212,137,0
07-02-2023 17:00:00,41,12,6,0
07-02-2023 18:04:47,0,0,0,0
07-02-2023 18:53:25,0,0,0,0
07-02-2023 19:42:12,0,0,1,0
07-02-2023 20:30:50,0,0,1,0
07-02-2023 21:19:28,1,0,0,0
07-02-2023 22:08:06,0,0,0,0
07-02-2023 22:56:52,0,0,0,0
07-02-2023 23:45:55,1,0,0,0
07-03-2023 00:34:57,2,2,0,0
07-03-2023 01:23:43,0,0,0,1
07-03-2023 02:12:28,0,0,0,0
07-03-2023 03:01:14,0,1,0,0
07-03-2023 03:49:50,0,0,0,0
07-03-2023 04:38:28,1,0,0,0
07-03-2023 05:29:59,0,0,0,0
07-03-2023 06:18:36,0,0,0,0
07-03-2023 07:07:29,1,1,0,0
07-03-2023 07:56:13,0,0,0,1
07-03-2023 08:44:57,0,0,0,0
07-03-2023 09:33:51,0,0,0,0
07-03-2023 10:22:45,1,1,1,0
07-03-2023 11:11:20,0,0,0,0
07-03-2023 12:00:00,1,1,0,0
07-03-2023 12:48:30,0,0,0,0
07-03-2023 13:37:16,1,0,0,1
07-03-2023 14:26:01,0,0,0,0
07-03-2023 15:14:55,0,0,0,0
07-03-2023 16:03:48,1,0,0,0
07-03-2023 16:52:50,2,0,1,0
07-03-2023 17:41:44,1,0,0,0
07-03-2023 18:30:37,0,0,0,0
07-03-2023 19:19:29,1,0,0,0
07-03-2023 20:08:32,1,0,0,0
07-03-2023 20:57:34,0,0,0,0
07-03-2023 21:46:35,1,1,0,0
07-03-2023 22:35:28,1,0,0,0
07-03-2023 23:24:22,0,0,0,0
07-04-2023 00:13:16,2,0,0,0
07-04-2023 01:02:09,1,0,1,0
07-04-2023 01:50:56,0,0,1,0
07-04-2023 02:39:32,1,0,0,0
07-04-2023 03:28:10,0,0,1,0
07-04-2023 04:16:55,1,0,0,0
07-04-2023 05:05:48,2,1,0,0
07-04-2023 05:54:35,1,0,0,0
07-04-2023 06:43:28,1,1,0,0
07-04-2023 07:32:13,0,0,0,0
07-04-2023 08:20:59,1,0,0,0
07-04-2023 09:09:44,0,0,1,0
07-04-2023 09:58:14,0,0,0,0
07-04-2023 10:46:51,0,0,1,0
07-04-2023 11:35:29,0,0,0,0
07-04-2023 12:24:14,2,0,0,1
07-04-2023 13:13:07,0,0,0,0
07-04-2023 14:02:08,0,0,0,0
07-04-2023 14:51:10,0,1,0,0
07-04-2023 15:40:05,0,0,0,0
07-04-2023 16:28:58,0,0,0,0
07-04-2023 17:17:49,0,0,0,0
07-04-2023 18:06:40,0,0,1,0
07-04-2023 18:55:21,0,0,0,0
07-04-2023 20:22:38,0,0,0,0
07-04-2023 21:11:24,1,0,0,0
07-04-2023 22:00:26,1,1,0,0
07-05-2023 07:27:45,4,0,0,0
07-05-2023 08:17:26,0,0,0,0
07-05-2023 09:06:27,1,0,0,0
07-05-2023 09:55:30,0,1,0,0
07-05-2023 10:44:24,0,0,0,0
07-05-2023 11:33:18,0,1,0,0
07-05-2023 12:22:02,0,0,1,0
07-05-2023 13:10:39,0,0,0,0
07-05-2023 13:59:18,0,0,0,0
07-05-2023 14:47:54,0,0,0,0
07-05-2023 15:36:41,0,0,0,0
07-05-2023 16:25:36,1,1,0,0
07-05-2023 17:14:21,1,0,0,0
07-05-2023 18:03:17,2,0,1,0
07-05-2023 18:52:02,1,0,0,0
07-05-2023 19:40:55,1,0,0,0
07-05-2023 20:29:49,0,0,0,0
07-05-2023 21:18:51,0,2,0,0
07-05-2023 22:07:37,0,0,0,0
07-05-2023 22:56:21,1,0,0,0
07-05-2023 23:45:06,0,0,0,0
07-06-2023 00:33:56,0,1,0,0
07-06-2023 01:22:41,0,0,1,0
07-06-2023 02:11:20,1,1,0,0
07-06-2023 02:59:49,0,0,0,0
07-06-2023 03:48:26,0,0,0,0
07-06-2023 04:37:13,1,0,0,0
07-06-2023 05:26:00,2,0,0,0
07-06-2023 06:14:45,1,0,0,0
07-06-2023 07:03:38,1,0,0,0
07-06-2023 07:52:34,0,0,0,0
07-06-2023 08:41:37,1,0,0,0
07-06-2023 09:30:40,0,0,0,0
07-06-2023 10:19:41,0,1,0,0
07-06-2023 11:08:35,0,1,0,0
07-06-2023 11:57:20,1,1,0,0
07-06-2023 12:45:56,0,1,0,0
07-06-2023 13:34:33,1,0,0,0
07-06-2023 14:23:20,2,1,0,0
07-06-2023 15:11:58,0,0,1,0
07-06-2023 16:00:26,1,2,0,0
07-06-2023 16:48:40,0,0,0,0
07-06-2023 17:37:02,1,0,0,0
07-06-2023 18:25:39,1,0,0,0
07-06-2023 19:14:24,0,0,0,1
07-06-2023 20:03:11,1,0,1,0
07-06-2023 20:51:49,1,0,0,0
07-06-2023 21:40:26,0,0,0,0
07-06-2023 22:29:21,1,0,1,0
07-06-2023 23:18:16,1,0,0,1
07-07-2023 00:07:11,1,0,1,0
07-07-2023 00:55:59,0,1,0,0
07-07-2023 01:44:45,2,1,0,0
07-07-2023 02:33:23,0,0,1,0
07-07-2023 03:22:00,1,1,0,0
07-07-2023 04:10:37,0,0,0,0
07-07-2023 04:59:15,0,0,0,0
07-07-2023 05:48:00,0,0,0,0
07-07-2023 06:36:45,0,0,0,0
07-07-2023 07:25:30,0,0,0,0
07-07-2023 08:14:24,1,1,0,0
07-07-2023 09:03:11,1,0,0,0
07-07-2023 09:52:03,0,0,0,0
07-07-2023 10:40:57,0,0,1,1
07-07-2023 11:29:43,0,0,0,0
07-07-2023 12:18:29,1,1,0,0
07-07-2023 13:07:07,0,0,0,0
07-07-2023 13:55:54,1,0,1,0
07-07-2023 14:44:40,1,0,0,0
07-07-2023 15:33:26,0,0,0,1
07-07-2023 16:22:13,0,0,0,0
07-07-2023 17:11:07,0,0,0,0
07-07-2023 18:00:02,0,0,0,0
07-07-2023 18:49:05,1,2,0,0
07-07-2023 19:37:50,1,0,0,0
07-07-2023 20:26:37,0,0,1,0
07-07-2023 21:15:15,0,0,0,0
07-07-2023 22:03:53,0,0,0,0
07-07-2023 22:52:30,0,0,0,0
07-07-2023 23:41:16,1,0,1,0
07-08-2023 00:29:54,0,0,0,0
07-08-2023 01:18:48,0,0,1,1
07-08-2023 02:07:35,0,0,0,1
07-08-2023 02:56:29,0,1,0,0
07-08-2023 03:45:15,0,0,0,0
07-08-2023 04:34:09,0,0,0,0
07-08-2023 05:23:03,0,0,1,0
07-08-2023 06:11:49,0,1,0,0
07-08-2023 07:00:27,0,1,0,0
07-08-2023 07:48:58,1,1,0,0
07-08-2023 08:37:26,0,0,0,0
07-08-2023 09:26:13,1,0,2,0
07-08-2023 10:14:42,0,0,0,0
07-08-2023 11:03:13,0,0,0,0
07-08-2023 11:51:42,1,1,0,0
07-08-2023 12:40:19,0,1,0,1
07-08-2023 13:28:56,0,0,1,0
07-08-2023 14:17:33,1,0,0,0
07-08-2023 15:06:11,1,0,0,0
07-08-2023 15:54:48,1,0,1,0
07-08-2023 16:43:26,0,0,0,0
07-08-2023 17:32:04,0,2,0,0
07-08-2023 18:20:23,1,0,0,0
07-08-2023 19:09:10,2,0,0,0
07-08-2023 19:57:57,2,0,0,0
07-08-2023 20:46:43,0,1,0,0
07-08-2023 21:35:21,0,0,0,0
07-08-2023 22:23:59,0,0,0,0
07-08-2023 23:12:38,0,0,0,0
07-09-2023 00:02:35,0,0,0,0
07-09-2023 00:51:28,1,0,0,0
07-09-2023 01:40:21,2,1,0,0
07-09-2023 02:29:07,1,0,0,0
07-09-2023 03:18:02,2,0,1,0
07-09-2023 04:06:48,0,0,0,0
07-09-2023 04:55:31,0,0,0,0
07-09-2023 05:44:17,1,0,1,1
07-09-2023 06:33:02,0,1,0,0
07-09-2023 07:21:40,0,0,0,0
07-09-2023 08:10:26,1,1,0,0
07-09-2023 08:59:13,2,0,0,0
07-09-2023 09:48:00,2,0,1,0
07-09-2023 10:36:37,2,0,1,0
07-09-2023 11:25:07,0,0,0,0
07-09-2023 12:13:35,1,0,0,0
07-09-2023 13:02:19,2,0,0,0
07-09-2023 13:51:14,1,0,0,0
07-09-2023 14:40:17,2,1,0,0
07-09-2023 15:29:10,0,1,0,0
07-09-2023 16:17:55,0,1,0,0
07-09-2023 17:06:33,0,0,0,0
07-09-2023 17:55:11,2,1,0,0
07-09-2023 18:43:39,0,0,1,0
07-09-2023 19:32:08,0,0,0,1
07-09-2023 20:20:38,0,0,0,0
07-09-2023 21:09:16,1,0,0,0
07-09-2023 21:58:12,3,1,0,0
07-09-2023 22:46:56,0,0,0,0
07-09-2023 23:35:42,0,0,0,0
07-10-2023 00:24:36,1,0,0,0
07-10-2023 01:13:30,1,0,0,0
07-10-2023 02:02:22,0,0,0,0
07-10-2023 02:51:17,0,0,1,0
07-10-2023 03:40:03,1,0,0,0
07-10-2023 04:28:56,2,0,0,0
07-10-2023 05:17:52,0,1,0,0
07-10-2023 06:06:44,1,0,0,0
07-10-2023 06:55:38,0,0,0,0
07-10-2023 07:44:33,0,0,1,0
07-10-2023 08:33:18,0,1,1,0
07-10-2023 09:21:48,0,0,0,0
07-10-2023 10:10:17,0,0,0,0
07-10-2023 10:58:55,0,1,0,0
07-10-2023 11:47:41,2,1,1,0
07-10-2023 12:36:10,1,0,1,0
07-10-2023 13:24:32,1,0,0,0
07-10-2023 14:12:53,0,0,0,0
07-10-2023 15:01:30,1,0,0,0
07-10-2023 15:50:17,0,0,0,0
07-10-2023 16:39:03,0,0,0,0
07-10-2023 17:27:59,2,0,1,0
07-10-2023 18:16:53,1,1,0,0
07-10-2023 19:05:38,0,1,1,0
07-10-2023 19:54:08,0,0,0,0
07-10-2023 20:42:46,0,0,0,0
07-10-2023 21:31:32,0,0,0,1
07-10-2023 22:20:25,1,0,0,0
07-10-2023 23:09:21,0,0,0,0
07-10-2023 23:58:16,0,0,0,0
07-11-2023 00:47:05,1,0,0,0
07-11-2023 01:36:09,3,2,1,0
07-11-2023 02:24:47,0,0,0,0
07-11-2023 03:13:24,1,0,0,0
07-11-2023 04:02:02,1,1,0,0
07-11-2023 04:50:50,2,2,0,0
07-11-2023 05:39:19,0,0,0,0
07-11-2023 06:27:48,0,0,0,0
07-11-2023 07:16:25,0,1,0,0
07-11-2023 08:05:02,1,0,1,0
07-11-2023 08:53:30,0,0,1,1
07-11-2023 09:41:51,0,0,0,0
07-11-2023 10:30:11,0,1,0,0
07-11-2023 11:18:49,1,0,0,0
07-11-2023 12:07:34,1,1,0,0
07-11-2023 12:56:10,0,1,0,0
07-11-2023 13:44:47,0,1,0,0
07-11-2023 14:33:17,0,0,0,0
07-11-2023 15:21:55,1,1,0,0
07-11-2023 16:10:32,1,0,0,0
07-11-2023 16:59:17,2,0,0,0
07-11-2023 17:48:03,0,0,1,0
07-11-2023 18:36:43,0,0,0,0
07-11-2023 19:25:20,0,0,0,0
07-11-2023 20:14:07,1,0,0,0
07-11-2023 21:03:00,2,0,0,0
07-11-2023 21:53:20,1,1,0,0
07-12-2023 07:45:46,1,1,0,2
07-12-2023 08:34:56,2,1,0,0
07-12-2023 09:57:35,1,0,0,0
07-12-2023 10:49:18,1,0,0,1
07-12-2023 11:38:11,1,1,0,0
07-12-2023 12:27:05,0,0,0,1
07-12-2023 13:16:00,1,0,1,0
07-12-2023 14:04:45,0,0,0,0
07-12-2023 14:53:39,1,1,1,0
07-12-2023 15:42:19,0,0,2,0
07-12-2023 16:30:48,1,0,0,0
07-12-2023 17:19:17,0,0,0,0
07-12-2023 18:07:55,1,0,0,0
07-12-2023 18:56:49,1,0,0,0
07-12-2023 22:03:06,0,0,0,1
07-12-2023 22:52:09,2,0,0,0
07-12-2023 23:41:12,0,0,0,0
07-13-2023 00:30:11,0,0,0,0
07-13-2023 01:19:16,0,0,2,0
07-13-2023 02:08:01,0,0,0,0
07-13-2023 02:56:48,0,0,0,0
07-13-2023 03:45:33,0,0,0,0
07-13-2023 04:34:36,0,0,0,1
07-13-2023 05:23:39,2,0,0,0
07-13-2023 06:12:43,0,0,0,0
07-13-2023 07:01:45,0,0,0,0
07-13-2023 07:50:47,0,0,1,0
07-13-2023 08:39:42,1,0,1,0
07-13-2023 09:28:28,0,0,0,0
07-13-2023 10:17:15,1,0,0,0
07-13-2023 11:06:11,1,1,1,0
07-13-2023 11:54:59,0,0,1,0
07-13-2023 12:43:35,1,0,0,0
07-13-2023 13:32:12,1,0,0,0
07-13-2023 14:21:07,0,0,0,0
07-13-2023 15:10:10,1,0,0,0
07-13-2023 15:59:13,0,0,1,0
07-13-2023 16:48:08,0,0,0,0
07-13-2023 17:37:01,0,0,0,0
07-13-2023 18:25:57,0,1,0,0
07-13-2023 19:14:51,1,2,0,0
07-13-2023 20:03:28,1,0,0,0
07-13-2023 20:52:05,0,0,0,1
07-13-2023 21:40:53,2,2,0,0
07-13-2023 22:29:22,0,0,1,0
07-13-2023 23:17:43,0,0,1,0
07-14-2023 00:05:55,0,0,0,0
07-14-2023 00:54:02,0,0,0,0
07-14-2023 01:42:39,2,0,0,0
07-14-2023 02:31:25,0,0,0,0
07-14-2023 03:20:12,0,0,0,0
07-14-2023 04:09:15,1,0,0,0
07-14-2023 04:58:18,0,1,0,0
07-14-2023 05:47:13,1,1,0,0
07-14-2023 06:35:58,1,1,0,0
07-14-2023 07:24:35,0,1,0,0
07-14-2023 08:13:06,0,0,0,0
07-14-2023 09:01:35,0,0,0,0
07-14-2023 09:50:05,1,0,0,0
07-14-2023 10:38:34,1,0,0,0
07-14-2023 11:27:13,0,1,0,0
07-14-2023 12:15:49,1,0,2,0
07-14-2023 13:04:17,0,0,0,1
07-14-2023 13:52:54,0,0,0,1
07-14-2023 14:41:39,0,0,0,0
07-14-2023 17:23:13,1,0,0,0
07-14-2023 18:12:16,1,0,1,0
07-14-2023 19:01:42,2,0,0,0
07-14-2023 19:54:31,0,0,1,0
07-14-2023 20:43:16,0,1,0,1
07-14-2023 21:32:03,0,1,0,0
07-14-2023 22:20:41,0,0,0,0
07-14-2023 23:09:27,0,1,0,0
07-14-2023 23:58:05,0,0,0,0
07-15-2023 00:46:37,1,0,1,0
07-15-2023 01:35:06,0,0,0,0
07-15-2023 02:23:35,0,0,0,0
07-15-2023 03:12:13,1,1,0,0
07-15-2023 04:00:59,1,0,0,0
07-15-2023 04:49:47,2,0,0,0
07-15-2023 05:38:42,1,1,0,0
07-15-2023 06:27:29,0,0,0,0
07-15-2023 07:16:15,0,1,1,0
07-15-2023 08:04:44,0,0,0,0
07-15-2023 08:53:14,1,0,0,0
07-15-2023 09:41:51,0,0,1,0
07-15-2023 10:30:27,0,0,0,0
07-15-2023 11:19:05,0,0,0,1
07-15-2023 12:07:52,2,1,0,0
07-15-2023 12:56:39,0,0,1,0
07-15-2023 13:45:24,1,0,0,0
07-15-2023 14:34:09,1,0,0,0
07-15-2023 15:22:55,1,1,0,0
07-15-2023 16:11:41,1,1,0,0
07-15-2023 17:00:17,0,0,0,0
07-15-2023 17:48:54,0,1,0,0
07-15-2023 18:37:31,1,0,0,2
07-15-2023 19:26:08,0,0,0,0
07-15-2023 20:14:45,0,0,0,0
07-15-2023 21:03:22,1,0,0,0
07-15-2023 21:52:09,1,0,0,0
07-15-2023 22:41:03,0,0,1,0
07-15-2023 23:29:50,1,0,0,1
07-16-2023 00:18:38,1,0,0,0
07-16-2023 01:07:32,2,0,1,0
07-16-2023 01:56:27,0,0,1,0
07-16-2023 02:45:14,0,0,0,0
07-16-2023 03:34:02,0,0,0,0
07-16-2023 04:22:56,1,0,1,0
07-16-2023 05:11:51,0,0,1,0
07-16-2023 06:00:37,0,1,0,0
07-16-2023 06:49:15,1,0,0,0
07-16-2023 07:38:01,2,0,0,0
07-16-2023 08:26:56,0,1,3,0
07-16-2023 09:15:17,0,0,0,0
07-16-2023 10:03:36,0,0,0,0
07-16-2023 10:51:57,0,0,0,0
07-16-2023 11:40:41,1,0,0,0
07-16-2023 12:29:37,1,0,0,0
07-16-2023 13:18:30,0,1,1,0
07-16-2023 14:07:06,1,0,0,0
07-16-2023 14:55:53,1,0,0,0
07-16-2023 15:44:39,1,2,0,0
07-16-2023 16:34:14,0,0,0,0
07-16-2023 17:23:00,0,0,0,0
07-16-2023 18:13:36,1,0,0,0
07-16-2023 19:20:06,0,0,0,0
07-17-2023 00:33:40,1,1,0,1
07-17-2023 01:22:34,0,0,1,0
07-17-2023 02:11:20,1,0,0,0
07-17-2023 03:03:03,3,0,0,0
07-17-2023 03:51:48,1,1,0,0
07-17-2023 04:40:35,0,0,0,0
07-17-2023 05:29:19,0,1,1,0
07-17-2023 06:17:50,0,0,0,0
07-17-2023 07:06:35,3,0,1,0
07-17-2023 07:55:14,0,1,0,0
07-17-2023 09:05:26,0,0,0,0
07-17-2023 09:54:03,0,0,0,0
07-17-2023 10:42:49,2,0,1,0
07-17-2023 11:31:34,0,0,0,0
07-17-2023 12:20:28,0,0,0,1
07-17-2023 13:09:22,0,0,0,0
07-17-2023 13:58:26,0,0,1,0
07-17-2023 14:47:18,1,0,1,0
07-17-2023 15:36:05,0,0,1,0
07-17-2023 16:24:43,0,0,0,0
07-17-2023 17:13:29,0,1,0,0
07-17-2023 18:02:15,0,0,0,0
07-17-2023 18:51:09,0,0,0,0
07-17-2023 22:18:16,1,1,0,0
07-17-2023 23:07:02,0,0,0,0
07-17-2023 23:55:57,0,2,0,0
07-18-2023 00:44:30,1,0,0,0
07-18-2023 01:33:08,0,1,0,0
07-18-2023 02:21:39,0,0,0,0
07-18-2023 03:10:08,0,0,0,0
07-18-2023 03:58:38,0,0,0,0
07-18-2023 04:47:24,2,1,0,0
07-18-2023 05:36:02,1,0,0,0
07-18-2023 06:24:56,1,0,0,0
07-18-2023 07:13:51,1,0,1,0
07-18-2023 08:02:46,0,0,1,0
07-18-2023 08:51:32,0,0,0,0
07-18-2023 09:40:18,1,1,0,0
07-18-2023 10:29:04,0,0,0,0
07-18-2023 11:17:59,0,1,1,0
07-18-2023 12:06:36,0,1,0,0
07-18-2023 12:55:04,0,0,0,0
07-18-2023 13:45:59,1,0,0,0
07-18-2023 14:34:36,1,0,0,0
07-18-2023 15:23:22,0,1,0,0
07-18-2023 16:12:06,1,0,0,1
07-18-2023 17:00:52,0,0,0,0
07-18-2023 17:49:46,1,0,0,0
07-18-2023 18:38:49,0,0,1,0
07-18-2023 19:27:44,1,1,0,0
07-18-2023 20:16:30,0,0,0,0
07-18-2023 21:05:15,1,0,0,0
07-18-2023 21:54:09,2,0,0,0
07-18-2023 22:43:05,0,1,0,0
07-19-2023 07:44:59,1,1,0,0
07-19-2023 08:33:52,0,1,0,0
07-19-2023 09:22:36,1,0,0,1
07-19-2023 10:11:21,1,1,0,0
07-19-2023 10:59:59,1,0,0,0
07-19-2023 11:48:36,0,0,1,1
07-19-2023 12:37:04,0,0,0,0
07-19-2023 13:25:32,0,0,0,0
07-19-2023 14:14:10,1,0,0,0
07-19-2023 15:03:05,0,0,0,0
07-19-2023 15:53:47,0,0,0,0
07-19-2023 16:42:47,2,0,0,0
07-19-2023 17:31:49,1,2,0,0
07-19-2023 18:20:34,0,0,0,0
07-19-2023 19:09:20,0,0,0,0
07-19-2023 19:58:05,1,2,0,0
07-19-2023 20:46:33,0,0,0,0
07-19-2023 21:35:01,2,0,0,0
07-19-2023 22:23:28,0,0,0,0
07-19-2023 23:11:57,0,0,0,0
07-20-2023 00:00:43,0,0,0,0
07-20-2023 00:49:26,0,0,0,0
07-20-2023 01:38:12,2,0,0,0
07-20-2023 02:27:13,0,0,0,1
07-20-2023 03:16:14,2,1,0,0
07-20-2023 04:05:07,1,1,0,0
07-20-2023 04:53:53,0,1,0,0
07-20-2023 05:42:29,0,0,1,0
07-20-2023 06:31:07,1,0,0,1
07-20-2023 07:19:44,2,0,0,0
07-20-2023 08:08:21,0,1,0,1
07-20-2023 08:56:52,0,0,0,0
07-20-2023 09:45:27,1,0,0,0
07-20-2023 10:34:11,1,0,0,0
07-20-2023 11:23:12,1,1,0,0
07-20-2023 12:12:04,0,1,0,0
07-20-2023 13:00:48,0,1,0,0
07-20-2023 13:49:26,1,0,0,0
07-20-2023 14:38:02,0,0,0,0
07-20-2023 15:26:36,0,0,0,0
07-20-2023 16:15:19,1,0,0,0
07-20-2023 17:04:37,0,0,0,0
07-20-2023 17:53:31,1,0,0,0
07-20-2023 18:42:33,0,1,1,1
07-20-2023 19:31:17,0,0,0,0
07-20-2023 20:20:02,1,0,0,0
07-20-2023 21:08:47,0,0,0,0
07-20-2023 21:57:41,0,1,0,0
07-20-2023 22:46:25,0,0,0,0
07-20-2023 23:35:08,0,1,0,0
07-21-2023 00:23:43,0,0,0,0
07-21-2023 01:12:26,2,1,0,0
07-21-2023 02:01:01,0,0,0,0
07-21-2023 02:49:45,1,0,0,0
07-21-2023 03:38:28,1,1,0,0
07-21-2023 04:27:21,0,0,0,0
07-21-2023 05:16:13,1,1,0,0
07-21-2023 06:04:58,2,0,0,0
07-21-2023 06:53:42,0,0,0,0
07-21-2023 07:42:26,0,1,0,0
07-21-2023 08:31:11,2,0,0,0
07-21-2023 09:19:55,1,0,0,0
07-21-2023 10:08:43,1,0,0,0
07-21-2023 10:57:36,1,0,0,0
07-21-2023 11:46:27,0,1,0,1
07-21-2023 12:35:12,0,0,0,1
07-21-2023 13:23:56,1,0,1,0
07-21-2023 14:12:40,1,0,0,0
07-21-2023 15:01:26,0,2,0,0
07-21-2023 15:49:54,1,1,0,0
07-21-2023 16:38:21,1,0,0,0
07-21-2023 17:26:50,0,0,0,0
07-21-2023 18:15:26,0,0,0,1
07-21-2023 19:04:08,0,0,0,0
07-21-2023 19:52:51,0,0,1,0
07-21-2023 20:41:27,0,0,0,0
07-21-2023 21:30:20,1,1,0,2
07-21-2023 22:19:04,0,0,0,0
07-21-2023 23:07:55,1,0,0,1
07-21-2023 23:56:49,0,0,2,1
07-22-2023 00:45:33,0,0,0,0
07-22-2023 01:34:19,2,0,0,0
07-22-2023 02:23:03,1,0,0,0
07-22-2023 03:12:03,2,0,0,0
07-22-2023 04:01:03,0,2,0,0
07-22-2023 04:49:46,1,0,0,0
07-22-2023 05:38:31,0,0,1,0
07-22-2023 06:27:06,0,0,0,0
07-22-2023 07:16:00,2,0,2,1
07-22-2023 08:04:36,0,0,0,0
07-22-2023 08:53:20,2,0,0,0
07-22-2023 09:42:06,1,0,0,0
07-22-2023 10:31:08,1,0,0,0
07-22-2023 11:20:09,0,1,0,0
07-22-2023 12:09:01,1,0,0,0
07-22-2023 12:57:54,0,1,0,1
07-22-2023 13:46:39,1,0,0,0
07-22-2023 14:35:24,0,2,0,0
07-22-2023 15:23:53,0,0,0,0
07-22-2023 16:12:21,1,0,0,0
07-22-2023 17:00:47,1,0,0,0
07-22-2023 17:49:32,1,1,0,0
07-22-2023 18:38:00,1,1,1,0
07-22-2023 19:26:29,1,0,1,0
07-22-2023 20:14:48,0,0,0,1
07-22-2023 21:03:24,1,0,1,0
07-22-2023 21:51:59,1,0,0,0
07-22-2023 22:40:42,0,1,0,0
07-22-2023 23:29:19,0,0,0,0
07-23-2023 00:18:03,1,0,1,0
07-23-2023 01:06:46,1,1,0,0
07-23-2023 01:55:23,0,0,0,0
07-23-2023 02:43:59,2,0,0,0
07-23-2023 03:32:44,0,0,0,0
07-23-2023 04:21:36,1,0,0,0
07-23-2023 05:10:36,1,0,0,0
07-23-2023 05:59:37,1,0,0,1
07-23-2023 06:48:38,1,2,0,0
07-23-2023 07:37:23,0,0,0,0
07-23-2023 08:26:07,1,0,0,0
07-23-2023 09:14:53,0,0,1,0
07-23-2023 10:03:37,0,1,0,0
07-23-2023 10:52:14,1,0,0,0
07-23-2023 11:40:49,1,0,0,0
07-23-2023 12:29:34,0,0,0,0
07-23-2023 13:18:26,0,0,0,0
07-23-2023 14:07:19,1,0,0,0
07-23-2023 14:56:12,0,0,0,0
07-23-2023 15:45:16,0,0,0,0
07-23-2023 16:42:46,2,3,0,0
07-23-2023 17:31:21,0,0,0,0
07-23-2023 18:19:58,2,0,0,0
07-23-2023 19:08:33,0,0,0,1
07-23-2023 20:17:05,1,1,0,0
07-23-2023 22:40:26,1,0,0,0
07-23-2023 23:29:19,1,0,0,0
07-24-2023 00:18:19,0,0,0,0
07-24-2023 01:07:15,3,0,1,0
07-24-2023 01:56:08,2,0,0,0
07-24-2023 02:45:01,1,0,0,0
07-24-2023 03:33:53,0,0,0,0
07-24-2023 04:22:53,2,0,0,0
07-24-2023 05:11:55,1,0,0,0
07-24-2023 06:00:55,0,0,0,0
07-24-2023 06:49:55,1,1,0,0
07-24-2023 07:38:47,2,1,0,0
07-24-2023 08:27:30,0,0,0,0
07-24-2023 09:16:15,0,0,0,0
07-24-2023 10:04:58,0,1,0,0
07-24-2023 10:53:33,1,0,0,0
07-24-2023 11:42:11,0,0,0,0
07-24-2023 12:30:47,0,0,0,0
07-24-2023 13:19:42,1,0,0,0
07-24-2023 14:08:45,1,1,0,0
07-24-2023 14:57:37,2,0,1,0
07-24-2023 15:46:22,0,0,1,0
07-24-2023 16:34:58,0,0,0,0
07-24-2023 17:23:33,0,0,0,0
07-24-2023 18:12:18,2,0,0,0
07-24-2023 19:01:11,0,0,0,0
07-24-2023 19:50:03,1,0,0,0
07-24-2023 20:39:04,1,0,0,0
07-24-2023 21:28:06,1,1,0,0
07-24-2023 22:16:58,1,0,0,0
07-24-2023 23:05:52,2,0,1,0
07-24-2023 23:54:36,0,0,0,0
07-25-2023 00:43:24,2,0,0,0
07-25-2023 01:32:15,0,0,0,1
07-25-2023 02:21:16,1,0,0,0
07-25-2023 03:10:17,1,0,0,0
07-25-2023 03:59:18,0,0,0,0
07-25-2023 04:48:19,0,1,0,1
07-25-2023 05:37:11,0,0,0,0
07-25-2023 06:26:04,0,0,0,1
07-25-2023 07:14:57,1,0,0,0
07-25-2023 08:03:56,2,2,0,0
07-25-2023 08:52:40,1,0,0,0
07-25-2023 09:41:24,1,0,0,0
07-25-2023 10:30:07,1,0,0,0
07-25-2023 11:19:01,1,0,1,0
07-25-2023 12:07:46,1,1,0,0
07-25-2023 12:56:21,1,0,0,0
07-25-2023 13:44:57,0,0,0,0
07-25-2023 14:33:49,2,0,1,0
07-25-2023 15:22:41,2,2,0,0
07-25-2023 16:11:17,1,0,0,1
07-25-2023 16:59:52,0,1,0,1
07-25-2023 17:48:29,0,1,0,0
07-25-2023 18:36:56,1,0,0,0
07-25-2023 19:25:24,0,0,0,0
07-25-2023 20:13:51,0,0,0,0
07-25-2023 21:02:19,0,0,0,0
07-25-2023 21:51:03,0,1,0,0
07-25-2023 22:39:40,0,0,1,0
07-26-2023 07:56:37,4,1,0,0
07-26-2023 08:45:28,2,0,0,0
07-26-2023 09:34:21,3,0,0,0
07-26-2023 10:23:13,0,0,0,0
07-26-2023 11:12:05,0,0,0,0
07-26-2023 12:00:57,1,0,0,0
07-26-2023 12:49:48,2,0,0,0
07-26-2023 13:38:42,1,2,0,0
07-26-2023 14:27:28,1,1,0,0
07-26-2023 15:16:03,1,0,1,0
07-26-2023 16:04:31,0,0,0,0
07-26-2023 16:52:58,0,0,0,0
07-26-2023 17:41:33,0,1,1,2
07-26-2023 18:30:01,0,0,0,0
07-26-2023 19:18:28,0,0,0,0
07-26-2023 20:07:12,1,0,0,0
07-26-2023 20:56:04,0,0,1,0
07-26-2023 21:44:49,1,1,0,0
07-26-2023 22:33:26,0,0,0,0
07-26-2023 23:22:02,0,0,0,0
07-27-2023 00:10:52,1,0,0,1
07-27-2023 00:59:53,2,1,0,0
07-27-2023 01:48:45,1,0,0,0
07-27-2023 02:37:37,1,0,0,0
07-27-2023 03:26:29,0,0,0,0
07-27-2023 04:15:22,0,0,0,0
07-27-2023 05:04:14,1,0,0,0
07-27-2023 05:53:07,1,0,1,0
07-27-2023 06:41:53,1,1,1,0
07-27-2023 07:30:28,1,1,0,0
07-27-2023 08:18:53,0,0,0,0
07-27-2023 09:07:29,1,0,1,0
07-27-2023 09:56:12,0,0,1,0
07-27-2023 10:44:48,1,1,0,0
07-27-2023 11:33:17,1,0,1,0
07-27-2023 12:21:45,0,0,0,0
07-27-2023 13:10:22,0,0,0,0
07-27-2023 13:59:06,1,0,0,0
07-27-2023 14:47:59,0,0,0,0
07-27-2023 15:36:51,0,1,0,0
07-27-2023 16:25:37,1,1,0,0
07-27-2023 17:14:21,1,0,0,0
07-27-2023 18:03:04,1,1,0,0
07-27-2023 18:51:49,2,0,2,0
07-27-2023 19:40:18,0,0,0,0
07-27-2023 20:28:46,0,0,0,0
07-27-2023 21:17:13,0,0,0,0
07-27-2023 22:05:58,1,0,0,0
07-27-2023 22:54:51,1,0,0,0
07-27-2023 23:43:44,0,1,0,0
07-28-2023 00:32:30,1,1,0,1
07-28-2023 01:21:15,0,1,0,0
07-28-2023 02:09:52,0,0,0,0
07-28-2023 02:58:28,0,0,0,0
07-28-2023 03:47:14,0,0,0,0
07-28-2023 04:36:07,2,1,0,0
07-28-2023 05:24:50,3,0,0,0
07-28-2023 06:13:42,2,0,0,0
07-28-2023 07:02:35,0,0,0,0
07-28-2023 07:51:28,0,0,1,0
07-28-2023 08:40:12,1,0,0,0
07-28-2023 09:28:56,2,2,0,0
07-28-2023 10:17:23,0,0,0,0
07-28-2023 11:06:07,1,0,0,0
07-28-2023 11:54:51,0,0,0,0
07-28-2023 12:43:43,1,0,1,0
07-28-2023 13:32:28,1,1,1,0
07-28-2023 14:20:56,0,0,0,0
07-28-2023 15:09:25,0,0,0,0
07-28-2023 15:58:09,0,0,0,1
07-28-2023 16:47:02,0,0,1,0
07-28-2023 17:35:46,0,1,0,0
07-28-2023 18:24:23,1,0,0,0
07-28-2023 19:12:59,1,0,0,0
07-28-2023 20:01:52,2,0,0,1
07-28-2023 20:50:45,0,0,0,0
07-28-2023 21:39:38,0,0,1,0
07-28-2023 22:28:21,1,0,0,0
07-28-2023 23:17:08,0,0,0,0
07-29-2023 00:06:00,3,0,0,0
07-29-2023 00:55:02,0,1,1,1
07-29-2023 01:43:47,0,1,1,0
07-29-2023 02:32:16,0,0,0,0
07-29-2023 03:20:42,0,0,0,0
07-29-2023 04:09:27,0,0,0,0
07-29-2023 04:58:28,1,0,0,0
07-29-2023 05:47:29,0,0,0,0
07-29-2023 06:36:30,1,0,0,0
07-29-2023 07:25:32,1,0,0,0
07-29-2023 08:14:33,1,0,0,0
07-29-2023 09:03:34,0,0,0,0
07-29-2023 09:52:35,0,0,0,0
07-29-2023 10:41:37,1,1,0,0
07-29-2023 11:30:31,1,0,1,0
07-29-2023 12:19:17,1,0,1,0
07-29-2023 13:07:53,0,0,1,0
07-29-2023 13:56:30,1,0,0,0
07-29-2023 14:45:15,1,0,0,0
07-29-2023 15:34:06,0,1,0,0
07-29-2023 16:22:59,1,1,0,0
07-29-2023 17:11:44,0,0,1,0
07-29-2023 18:00:20,0,0,0,0
07-29-2023 18:49:02,1,0,0,0
07-29-2023 19:37:45,1,0,0,0
07-29-2023 20:26:37,1,0,0,0
07-29-2023 21:15:30,2,0,0,0
07-29-2023 22:04:22,0,0,0,0
07-29-2023 22:53:24,0,0,2,0
07-29-2023 23:42:08,0,0,0,0
07-30-2023 00:30:47,1,0,0,0
07-30-2023 01:19:31,0,0,0,0
07-30-2023 02:08:32,1,0,0,0
07-30-2023 02:57:33,2,0,0,0
07-30-2023 03:46:34,0,1,0,0
07-30-2023 04:35:27,1,0,0,0
07-30-2023 05:24:18,0,0,0,1
07-30-2023 06:13:11,1,0,0,1
07-30-2023 07:02:04,1,0,0,0
07-30-2023 07:50:57,0,1,1,0
07-30-2023 08:39:33,1,1,0,0
07-30-2023 09:28:01,0,0,0,0
07-30-2023 10:16:38,0,1,0,0
07-30-2023 11:05:15,0,0,1,0
07-30-2023 11:53:44,0,0,0,0
07-30-2023 12:42:13,0,0,0,0
07-30-2023 13:30:40,0,0,1,0
07-30-2023 14:19:17,1,0,0,0
07-30-2023 15:08:01,1,0,0,0
07-30-2023 15:56:44,1,0,0,0
07-30-2023 16:45:45,2,0,0,0
07-30-2023 19:09:49,1,1,1,0
07-30-2023 20:01:31,0,0,0,0
07-30-2023 20:50:14,0,0,0,0
07-30-2023 21:38:58,1,0,0,0
07-30-2023 22:27:50,0,0,0,0
07-30-2023 23:16:43,0,0,0,0
07-31-2023 00:05:34,1,0,0,0
07-31-2023 00:54:27,2,0,1,0
07-31-2023 01:43:20,1,0,0,0
07-31-2023 02:32:14,0,0,1,0
07-31-2023 03:20:59,0,0,1,0
07-31-2023 04:09:43,2,0,0,0
07-31-2023 04:58:27,0,1,0,0
07-31-2023 05:47:12,0,0,0,0
07-31-2023 06:36:05,1,1,1,0
07-31-2023 07:24:41,0,1,0,0
07-31-2023 08:13:18,1,1,0,0
07-31-2023 09:01:45,0,0,0,0
07-31-2023 09:50:21,1,0,0,0
07-31-2023 10:38:56,0,0,0,0
07-31-2023 11:27:39,2,0,0,0
07-31-2023 12:16:25,0,0,1,0
07-31-2023 13:05:10,1,0,0,0
07-31-2023 13:54:04,2,0,0,0
07-31-2023 14:42:57,0,0,0,0
07-31-2023 15:31:56,1,0,0,0
07-31-2023 16:20:57,0,1,0,0
07-31-2023 17:09:51,2,0,1,0
07-31-2023 17:58:37,1,0,2,0
07-31-2023 18:47:04,0,0,1,0
07-31-2023 19:35:23,0,0,0,0
07-31-2023 20:23:51,1,0,0,0
07-31-2023 21:12:35,0,1,0,0
07-31-2023 22:01:19,0,0,0,0
07-31-2023 22:50:12,1,0,0,0
08-01-2023 07:34:59,1,0,1,0
08-01-2023 08:23:51,1,0,0,0
08-01-2023 09:12:45,0,0,0,0
08-01-2023 10:01:37,1,0,0,0
08-01-2023 10:50:37,0,0,0,0
08-01-2023 11:39:40,2,1,1,0
08-01-2023 12:28:26,0,0,1,0
08-01-2023 13:17:03,0,0,0,0
08-01-2023 14:05:38,0,0,0,0
08-01-2023 14:54:32,0,2,0,0
08-01-2023 15:43:16,1,0,0,0
08-01-2023 16:32:01,0,0,1,0
08-01-2023 17:20:37,0,0,0,0
08-01-2023 18:09:12,0,0,0,0
08-01-2023 18:57:49,0,0,0,1
08-01-2023 19:46:35,0,0,1,0
08-01-2023 20:35:11,2,0,0,0
08-01-2023 21:24:03,2,1,0,0
08-01-2023 22:12:47,0,0,0,0
08-01-2023 23:01:40,0,0,0,1
08-01-2023 23:50:33,2,0,0,1
08-02-2023 00:39:26,0,0,0,0
08-02-2023 01:28:19,2,1,0,0
08-02-2023 02:20:33,0,0,0,0
08-02-2023 03:09:19,1,1,0,0
08-02-2023 03:58:03,0,0,0,0
08-02-2023 04:46:48,0,0,0,1
08-02-2023 05:35:32,1,0,0,0
08-02-2023 06:24:17,0,0,0,0
08-02-2023 07:13:01,1,0,0,0
08-02-2023 08:01:54,0,0,0,0
08-02-2023 08:52:32,0,1,0,0
08-02-2023 09:41:22,0,0,0,0
08-02-2023 10:30:18,2,0,0,0
08-02-2023 11:19:14,0,0,0,0
08-02-2023 12:08:17,1,0,0,0
08-02-2023 12:57:21,0,0,0,1
08-02-2023 13:46:23,0,0,0,1
08-02-2023 14:35:25,2,0,0,0
08-02-2023 15:24:27,3,0,1,0
08-02-2023 16:13:22,1,0,0,0
08-02-2023 17:02:05,1,0,0,0
08-02-2023 17:51:00,0,0,0,0
08-02-2023 18:40:02,1,0,0,1
08-02-2023 19:29:04,1,0,2,0
08-02-2023 20:17:51,2,0,1,0
08-02-2023 21:06:28,0,1,0,0
08-02-2023 21:54:57,0,0,0,0
08-02-2023 22:43:41,2,0,1,0
08-02-2023 23:32:28,1,0,0,0
08-03-2023 00:21:22,0,1,1,0
08-03-2023 01:10:00,0,0,0,1
08-03-2023 01:58:45,0,0,0,0
08-03-2023 02:47:30,0,1,1,0
08-03-2023 03:36:06,2,0,0,0
08-03-2023 04:24:43,0,0,0,0
08-03-2023 05:13:20,1,0,0,0
08-03-2023 06:02:07,0,1,0,0
08-03-2023 06:50:53,3,0,1,0
08-03-2023 07:39:31,0,0,0,0
08-03-2023 08:28:09,1,0,0,0
08-03-2023 09:17:03,0,0,0,1
08-03-2023 10:06:04,1,3,0,0
08-03-2023 10:54:41,0,0,0,1
08-03-2023 11:43:20,2,0,0,0
08-03-2023 12:31:57,0,0,0,0
08-03-2023 13:20:36,0,0,0,0
08-03-2023 14:09:14,1,0,0,0
08-03-2023 14:57:51,1,0,1,0
08-03-2023 15:46:21,0,0,0,0
08-03-2023 16:35:16,2,0,1,0
08-03-2023 17:24:03,0,2,0,0
08-03-2023 18:12:40,1,0,0,0
08-03-2023 19:01:12,0,0,0,0
08-03-2023 19:49:59,1,0,0,0
08-03-2023 20:38:54,0,0,0,0
08-03-2023 21:27:49,0,0,0,0
08-03-2023 22:16:42,0,0,0,0
08-03-2023 23:05:35,0,0,1,0
08-03-2023 23:54:28,2,0,0,0
08-04-2023 00:43:23,1,0,0,0
08-04-2023 01:32:16,2,2,0,0
08-04-2023 02:21:02,1,0,0,0
08-04-2023 03:09:47,1,0,0,0
08-04-2023 03:58:34,0,1,0,0
08-04-2023 04:47:12,0,0,0,0
08-04-2023 05:35:50,0,0,0,0
08-04-2023 06:24:27,0,0,0,0
08-04-2023 07:13:14,0,1,0,0
08-04-2023 08:02:09,2,0,0,0
08-04-2023 08:51:02,0,0,0,0
08-04-2023 09:39:55,0,0,0,0
08-04-2023 10:28:49,0,0,0,0
08-04-2023 11:17:43,1,0,0,0
08-04-2023 12:06:38,0,0,2,0
08-04-2023 12:55:15,0,1,0,0
08-04-2023 13:43:53,3,0,0,0
08-04-2023 14:32:31,0,0,0,0
08-04-2023 15:21:25,1,0,1,0
08-04-2023 16:10:19,0,0,1,0
08-04-2023 16:59:05,1,1,0,0
08-04-2023 17:47:45,0,1,0,0
08-04-2023 18:36:23,1,0,0,0
08-04-2023 19:25:08,1,2,0,0
08-04-2023 20:13:47,1,0,0,0
08-04-2023 21:02:33,2,0,1,0
08-04-2023 21:51:10,1,0,0,0
08-04-2023 22:40:03,0,0,0,0
08-04-2023 23:28:57,0,0,0,0
08-05-2023 00:18:01,1,0,0,0
08-05-2023 01:07:02,1,0,0,0
08-05-2023 01:56:04,2,0,0,0
08-05-2023 02:45:08,1,0,0,0
08-05-2023 03:34:10,0,0,0,0
08-05-2023 04:23:12,0,0,0,0
08-05-2023 05:12:14,1,0,0,0
08-05-2023 06:01:15,1,1,0,0
08-05-2023 06:50:10,1,0,0,0
08-05-2023 07:39:04,1,0,0,1
08-05-2023 08:27:59,0,2,0,0
08-05-2023 09:16:38,0,0,0,0
08-05-2023 10:05:15,0,0,0,0
08-05-2023 10:53:53,0,0,0,0
08-05-2023 11:42:39,1,0,0,0
08-05-2023 12:31:34,2,1,0,0
08-05-2023 13:20:21,0,0,0,0
08-05-2023 14:09:07,0,0,0,0
08-05-2023 14:58:01,1,1,0,1
08-05-2023 15:46:55,0,0,0,0
08-05-2023 16:35:48,0,1,0,0
08-05-2023 17:24:34,0,0,0,0
08-05-2023 18:13:20,0,1,0,0
08-05-2023 19:01:58,0,0,0,0
08-05-2023 19:50:35,0,0,0,0
08-05-2023 20:39:13,0,1,1,0
08-05-2023 21:27:43,1,0,0,0
08-05-2023 22:16:12,0,0,0,0
08-05-2023 23:04:50,1,0,0,0
08-05-2023 23:53:37,1,0,0,0
08-06-2023 00:42:31,2,1,1,0
08-06-2023 01:31:09,0,0,0,0
08-06-2023 02:19:45,0,1,0,0
08-06-2023 03:08:24,0,0,0,0
08-06-2023 03:57:09,0,0,0,0
08-06-2023 04:45:55,0,0,0,0
08-06-2023 05:34:49,0,0,0,1
08-06-2023 06:23:44,0,0,1,0
08-06-2023 07:12:39,2,0,2,0
08-06-2023 08:01:16,0,0,0,0
08-06-2023 08:49:54,1,0,0,0
08-06-2023 09:38:39,1,0,0,0
08-06-2023 10:27:42,1,0,0,0
08-06-2023 11:16:44,0,0,0,0
08-06-2023 12:05:46,2,0,0,1
08-06-2023 12:54:48,1,0,0,1
08-06-2023 13:43:51,1,0,0,1
08-06-2023 14:33:14,1,0,0,0
08-06-2023 15:22:13,2,0,0,0
08-06-2023 16:11:15,1,0,1,0
08-06-2023 17:00:07,1,0,2,0
08-06-2023 17:48:44,0,0,0,0
08-06-2023 18:37:19,1,0,0,0
08-06-2023 19:26:03,1,0,0,0
08-06-2023 20:17:46,0,0,0,0
08-06-2023 21:06:48,2,1,0,0
08-06-2023 21:55:39,0,1,0,0
08-06-2023 22:44:23,1,0,0,0
08-06-2023 23:33:07,0,0,0,0
08-07-2023 00:21:52,1,0,0,0
08-07-2023 01:10:37,0,0,0,0
08-07-2023 01:59:22,0,1,0,0
08-07-2023 02:47:59,0,0,0,1
08-07-2023 03:36:42,0,0,0,0
08-07-2023 04:28:16,0,0,1,0
08-07-2023 05:16:59,1,0,0,0
08-07-2023 06:05:42,0,1,0,0
08-07-2023 06:54:17,0,0,0,0
08-07-2023 07:43:02,1,0,0,0
08-07-2023 08:31:55,0,0,0,1
08-07-2023 09:20:49,0,1,0,0
08-07-2023 10:09:34,3,0,0,0
08-07-2023 10:58:19,2,0,0,0
08-07-2023 11:47:04,0,0,0,0
08-07-2023 12:36:06,1,0,1,0
08-07-2023 13:24:58,0,0,0,0
08-07-2023 14:13:52,0,1,1,0
08-07-2023 15:02:29,0,0,0,0
08-07-2023 15:51:14,0,1,0,1
08-07-2023 16:39:50,1,0,0,0
08-07-2023 17:28:42,2,0,0,0
08-07-2023 18:17:36,1,0,0,0
08-07-2023 19:06:28,0,0,0,0
08-07-2023 19:55:20,1,0,0,0
08-07-2023 20:44:12,0,0,0,0
08-07-2023 21:33:05,2,0,0,0
08-07-2023 22:22:05,1,1,0,0
08-07-2023 23:10:58,2,1,0,0
08-07-2023 23:59:44,0,0,0,0
08-08-2023 00:48:28,0,0,0,0
08-08-2023 01:37:12,0,0,0,0
08-08-2023 02:25:55,1,0,0,0
08-08-2023 03:14:39,0,0,0,0
08-08-2023 04:03:24,0,0,0,0
08-08-2023 04:52:18,1,0,0,0
08-08-2023 05:41:18,1,0,0,0
08-08-2023 06:30:19,1,0,0,0
08-08-2023 07:19:19,0,0,0,0
08-08-2023 08:08:19,0,0,0,0
08-08-2023 08:57:21,3,1,0,0
08-08-2023 09:46:14,2,0,0,0
08-08-2023 10:35:08,1,0,0,0
08-08-2023 11:24:01,0,0,0,0
08-08-2023 12:12:54,1,1,0,0
08-08-2023 13:01:40,1,0,0,0
08-08-2023 13:50:24,0,1,0,0
08-08-2023 14:39:00,0,0,0,0
08-08-2023 15:27:44,0,0,0,0
08-08-2023 16:16:30,1,2,0,0
08-08-2023 17:04:59,0,0,0,0
08-08-2023 17:53:27,0,0,0,0
08-08-2023 18:42:04,1,0,0,0
08-08-2023 19:30:41,1,0,0,0
08-08-2023 20:19:27,1,0,0,0
08-08-2023 21:08:11,0,0,0,0
08-08-2023 21:56:57,0,0,1,0
08-08-2023 22:45:50,1,0,1,0
08-08-2023 23:34:34,1,0,1,0
08-11-2023 13:47:08,0,0,0,0
08-11-2023 14:36:02,2,0,0,0
08-11-2023 15:25:04,0,0,0,1
08-11-2023 16:14:05,0,0,0,0
08-11-2023 17:03:07,0,0,1,0
08-11-2023 17:52:02,0,0,0,0
08-11-2023 18:40:57,1,0,0,0
08-11-2023 19:29:51,2,0,0,0
08-11-2023 20:18:55,1,0,2,0
08-11-2023 21:07:40,1,1,0,0
08-11-2023 21:56:18,0,0,0,0
08-11-2023 22:44:57,0,0,0,0
08-11-2023 23:33:51,0,0,1,0
08-12-2023 00:22:45,0,1,0,0
08-12-2023 01:11:32,0,1,1,0
08-12-2023 02:00:01,0,0,0,0
08-12-2023 02:48:40,0,0,0,0
08-12-2023 03:37:17,1,0,0,1
08-12-2023 04:26:04,1,0,0,0
08-12-2023 05:14:50,0,0,0,0
08-12-2023 06:03:35,0,0,0,0
08-12-2023 06:52:31,1,0,1,0
08-12-2023 07:41:24,0,0,0,1
08-12-2023 08:30:19,1,1,1,0
08-12-2023 09:18:57,0,0,1,0
08-12-2023 10:07:35,2,0,0,0
08-12-2023 10:56:13,0,0,0,0
08-12-2023 11:45:07,1,0,1,0
08-12-2023 12:34:00,2,0,0,0
08-12-2023 13:22:55,1,1,0,0
08-12-2023 14:11:41,0,0,0,0
08-12-2023 15:00:36,1,0,0,0
08-12-2023 15:49:30,1,0,0,0
08-12-2023 16:38:31,0,0,0,0
08-15-2023 21:32:45,2,0,0,1
08-15-2023 22:23:21,1,0,1,0
08-15-2023 23:12:11,2,1,0,0
08-16-2023 00:00:54,0,0,1,1
08-16-2023 06:41:14,2,0,1,0
08-16-2023 07:30:06,2,0,0,0
08-16-2023 08:18:59,2,0,0,0
08-16-2023 09:07:50,0,1,1,0
08-16-2023 09:56:32,0,1,0,0
08-16-2023 10:45:09,1,0,0,0
08-16-2023 11:33:45,0,0,0,0
08-16-2023 12:22:28,1,0,0,0
08-16-2023 13:11:12,1,0,0,0
08-16-2023 13:59:56,1,0,0,0
08-16-2023 14:48:40,0,2,0,0
08-16-2023 15:37:15,0,0,0,1
08-16-2023 16:25:59,0,0,0,0
08-16-2023 17:14:42,0,0,0,0
08-16-2023 18:03:26,0,1,0,0
08-16-2023 18:52:00,0,0,0,0
08-16-2023 19:40:34,1,0,0,0
08-16-2023 20:29:10,0,0,0,0
08-16-2023 21:18:02,1,1,0,2
08-16-2023 22:06:45,0,0,0,0
08-16-2023 22:55:29,1,0,1,0
08-16-2023 23:44:04,0,0,0,1
08-17-2023 00:32:45,1,0,0,0
08-17-2023 01:21:28,1,0,0,0
08-17-2023 02:10:19,2,0,0,0
08-17-2023 03:02:42,0,0,0,0
08-17-2023 03:51:43,1,0,0,0
08-17-2023 04:40:43,0,0,0,0
08-17-2023 05:29:42,0,0,1,0
08-17-2023 06:18:33,0,0,0,0
08-17-2023 07:07:25,1,0,0,0
08-17-2023 07:56:18,2,0,1,0
08-17-2023 08:45:09,0,0,0,0
08-17-2023 09:34:02,0,0,1,0
08-17-2023 10:22:48,1,1,0,0
08-17-2023 11:11:31,2,0,0,0
08-17-2023 12:00:14,0,0,0,0
08-17-2023 12:49:06,0,0,0,0
08-17-2023 13:37:57,0,0,0,0
08-17-2023 14:26:49,0,0,0,0
08-17-2023 15:15:41,0,0,0,0
08-17-2023 16:04:32,0,0,0,0
08-17-2023 16:53:33,2,0,0,0
08-17-2023 17:42:35,0,0,2,1
08-17-2023 18:31:18,1,0,1,0
08-17-2023 19:19:54,0,0,0,0
08-17-2023 20:08:29,1,1,0,0
08-17-2023 20:57:12,2,1,1,0
08-17-2023 21:45:46,0,0,1,0
08-17-2023 22:34:13,0,1,0,0
08-17-2023 23:22:31,0,0,0,0
08-18-2023 00:11:07,1,0,0,0
08-18-2023 00:59:51,1,0,0,0
08-18-2023 01:48:43,1,0,0,0
08-18-2023 02:37:44,1,0,0,0
08-18-2023 03:26:42,1,1,0,0
08-18-2023 04:15:34,0,1,0,0
08-18-2023 05:04:18,3,0,1,0
08-18-2023 05:52:53,1,1,0,0
08-18-2023 06:41:20,0,0,0,0
08-18-2023 07:29:55,0,0,0,0
08-18-2023 08:18:38,0,1,0,0
08-18-2023 09:07:15,0,0,0,0
08-18-2023 09:55:58,0,0,0,0
08-18-2023 10:44:41,1,2,0,0
08-18-2023 11:33:08,1,0,0,0
08-18-2023 12:21:43,0,0,1,0
08-18-2023 13:10:09,0,0,0,0
08-18-2023 13:58:44,0,0,0,0
08-18-2023 14:47:29,1,1,0,0
08-18-2023 15:36:17,0,0,1,0
08-18-2023 16:24:53,0,0,1,0
08-18-2023 17:13:28,0,0,0,0
08-18-2023 18:02:12,1,0,0,0
08-18-2023 18:51:04,1,0,1,0
08-18-2023 19:39:55,0,1,0,0
08-18-2023 20:28:38,0,1,0,0
08-18-2023 21:17:14,0,0,0,0
08-18-2023 22:05:58,2,0,0,0
08-18-2023 22:54:49,1,1,1,0
08-18-2023 23:43:25,0,0,1,0
08-19-2023 00:31:53,0,0,0,0
08-19-2023 01:20:21,0,0,0,0
08-19-2023 02:08:56,0,0,0,0
08-19-2023 02:57:47,0,0,0,0
08-19-2023 03:46:39,0,0,1,0
08-19-2023 04:35:24,0,0,2,0
08-19-2023 05:23:59,0,0,0,1
08-19-2023 06:12:35,0,0,0,0
08-19-2023 07:01:19,0,0,0,0
08-19-2023 07:50:20,0,1,0,1
08-19-2023 08:39:13,1,0,0,0
08-19-2023 09:28:04,0,0,0,0
08-19-2023 10:16:55,1,0,0,0
08-19-2023 11:05:47,0,0,0,0
08-19-2023 11:54:40,1,1,0,0
08-19-2023 12:43:25,1,1,0,0
08-19-2023 13:31:59,0,0,0,0
08-19-2023 14:20:43,1,0,0,0
08-19-2023 15:09:27,1,0,0,0
08-19-2023 15:58:10,1,0,0,0
08-19-2023 16:46:53,1,0,0,0
08-19-2023 17:35:37,2,0,0,0
08-19-2023 18:24:29,1,0,0,0
08-19-2023 19:13:30,1,1,0,0
08-19-2023 20:02:24,1,0,0,1
08-19-2023 20:51:15,1,0,0,0
08-19-2023 21:40:06,1,0,0,0
08-19-2023 22:29:06,0,0,1,0
08-19-2023 23:17:58,2,1,0,0
08-20-2023 00:06:42,1,0,0,0
08-20-2023 00:55:26,1,0,0,0
08-20-2023 01:44:19,1,0,1,0
08-20-2023 02:33:11,2,0,0,0
08-20-2023 03:22:02,0,0,0,0
08-20-2023 04:10:53,2,0,0,0
08-20-2023 04:59:53,0,1,0,0
08-20-2023 05:48:46,0,1,1,1
08-20-2023 06:37:22,0,0,0,0
08-20-2023 07:25:58,1,0,0,0
08-20-2023 08:14:34,1,1,0,0
08-20-2023 09:03:10,0,0,0,0
08-20-2023 09:51:45,0,0,0,1
08-20-2023 10:40:20,1,0,0,0
08-20-2023 11:29:02,1,0,0,0
08-20-2023 12:17:53,0,0,0,0
08-20-2023 13:06:44,0,0,0,0
08-20-2023 13:55:35,0,0,0,0
08-20-2023 14:44:37,0,1,0,0
08-20-2023 15:33:29,0,1,0,0
08-20-2023 16:22:12,0,0,0,1
08-20-2023 17:10:56,0,0,1,0
08-20-2023 17:59:32,0,0,0,0
08-20-2023 18:48:06,0,0,0,0
08-20-2023 19:36:42,0,1,0,0
08-20-2023 20:25:18,0,0,0,0
08-20-2023 21:14:02,0,0,0,0
08-20-2023 22:02:55,1,0,0,0
08-20-2023 22:51:47,0,0,0,0
08-20-2023 23:40:37,1,0,0,0
08-21-2023 00:29:30,0,1,0,0
08-21-2023 01:18:14,0,0,0,0
08-21-2023 02:07:06,2,0,0,0
08-21-2023 02:55:59,0,0,0,0
08-21-2023 03:44:52,0,1,0,0
08-21-2023 04:33:37,0,0,1,0
08-21-2023 05:22:12,1,1,0,0
08-21-2023 06:10:40,2,0,0,0
08-21-2023 06:59:15,1,0,0,0
08-21-2023 07:47:58,0,1,0,0
08-21-2023 08:36:34,0,0,0,0
08-21-2023 09:25:09,2,0,0,0
08-21-2023 10:13:55,1,3,0,0
08-21-2023 11:02:13,0,0,0,0
08-21-2023 11:50:39,0,0,0,0
08-21-2023 12:39:06,0,0,0,0
08-21-2023 13:27:51,2,0,0,1
08-21-2023 14:16:42,1,1,1,0
08-21-2023 15:05:19,1,0,1,0
08-21-2023 15:53:46,0,0,0,0
08-21-2023 16:42:22,1,0,0,0
08-21-2023 17:31:14,1,0,0,0
08-21-2023 18:20:15,0,0,1,0
08-21-2023 19:09:08,1,0,1,0
08-21-2023 19:57:50,0,1,1,0
08-21-2023 20:46:17,0,0,0,0
08-21-2023 21:34:52,0,0,0,0
08-21-2023 22:23:36,0,1,0,0
08-21-2023 23:12:21,0,0,0,0
08-22-2023 00:01:04,0,0,0,0
08-22-2023 00:49:48,0,0,0,1
08-22-2023 01:38:32,0,0,0,0
08-22-2023 02:27:23,0,0,0,0
08-22-2023 03:16:16,1,0,0,0
08-22-2023 04:05:07,0,0,0,0
08-22-2023 04:54:07,1,2,1,0
08-22-2023 05:42:42,0,0,0,0
08-22-2023 06:31:19,0,0,0,0
08-22-2023 07:19:53,1,0,0,0
08-22-2023 08:08:38,3,0,0,0
08-22-2023 08:57:22,0,0,0,0
08-22-2023 09:46:05,0,0,0,0
08-22-2023 10:34:49,0,0,0,0
08-22-2023 11:23:52,0,0,1,0
08-22-2023 12:12:43,0,0,0,0
08-22-2023 13:01:37,0,1,1,0
08-22-2023 13:50:13,0,0,0,0
08-22-2023 14:38:57,0,0,0,0
08-22-2023 15:27:41,0,1,0,0
08-22-2023 16:16:33,2,0,1,0
08-22-2023 17:05:17,2,0,0,0
08-22-2023 17:54:01,2,0,0,0
08-22-2023 18:42:47,0,0,0,0
08-22-2023 19:31:40,1,0,0,0
08-22-2023 20:20:31,0,1,0,0
08-22-2023 21:09:15,1,0,0,0
08-22-2023 21:58:49,0,0,1,0
08-22-2023 22:47:34,0,1,0,0
08-22-2023 23:36:10,0,0,0,0
08-23-2023 00:24:46,2,0,0,0
08-23-2023 03:09:03,2,0,0,0
08-23-2023 03:57:55,0,0,0,0
08-23-2023 04:46:47,1,0,1,0
08-23-2023 05:35:39,2,0,0,0
08-23-2023 06:24:31,1,1,1,0
08-23-2023 07:13:07,0,0,0,0
08-23-2023 08:01:50,0,0,0,0
08-23-2023 08:50:33,0,1,0,0
08-23-2023 09:39:23,1,1,0,1
08-23-2023 10:28:07,0,1,0,0
08-23-2023 11:16:42,1,0,0,0
08-23-2023 12:05:19,0,0,0,0
08-23-2023 12:54:02,0,0,0,1
08-23-2023 13:42:46,0,0,0,0
08-23-2023 14:31:31,0,0,0,0
08-23-2023 15:20:21,1,0,0,0
08-23-2023 16:09:14,1,1,0,0
08-23-2023 16:58:05,1,1,0,0
08-23-2023 17:46:48,1,0,1,0
08-23-2023 18:35:23,0,0,0,0
08-23-2023 19:23:59,0,1,0,0
08-23-2023 20:12:35,0,0,1,0
08-23-2023 21:01:09,1,0,0,0
08-23-2023 21:49:45,0,0,0,0
08-23-2023 22:38:37,2,0,0,0
08-23-2023 23:27:38,1,1,0,0
08-24-2023 00:16:27,0,0,0,0
08-24-2023 01:05:18,0,0,0,0
08-24-2023 01:54:09,0,0,0,0
08-24-2023 02:43:00,0,0,0,0
08-24-2023 03:31:52,1,0,1,0
08-24-2023 04:20:36,0,1,0,0
08-24-2023 05:09:11,0,0,0,0
08-24-2023 05:57:53,2,0,0,0
08-24-2023 06:46:45,1,2,0,0
08-24-2023 07:35:27,1,0,1,0
08-24-2023 08:24:02,1,0,0,0
08-24-2023 09:12:37,0,1,0,0
08-24-2023 10:01:04,0,0,0,0
08-24-2023 10:49:40,0,0,0,0
08-24-2023 11:38:15,0,0,0,0
08-24-2023 12:26:58,1,1,0,1
08-24-2023 13:18:23,2,0,0,1
08-24-2023 14:07:15,2,0,0,0
08-24-2023 14:56:05,0,0,0,0
08-24-2023 15:44:57,1,0,0,0
08-24-2023 16:33:49,0,1,0,0
08-24-2023 17:22:32,0,0,0,0
08-24-2023 18:11:15,0,0,0,0
08-24-2023 19:00:06,1,0,0,0
08-24-2023 19:49:08,4,0,0,0
08-24-2023 20:38:09,1,1,0,0
08-24-2023 21:27:02,1,0,0,0
08-24-2023 22:15:52,2,0,0,0
08-24-2023 23:04:44,1,0,0,0
08-24-2023 23:53:37,0,0,1,0
08-25-2023 00:42:20,1,2,0,0
08-25-2023 01:30:48,0,0,0,0
08-25-2023 02:19:15,1,0,0,0
08-25-2023 03:07:59,1,0,0,0
08-25-2023 03:56:44,1,1,0,0
08-25-2023 04:45:19,0,0,0,0
08-25-2023 05:33:54,0,0,0,0
08-25-2023 06:22:30,1,1,0,0
08-25-2023 07:11:15,0,0,1,0
08-25-2023 07:59:51,0,0,1,0
08-25-2023 08:48:17,0,0,0,0
08-25-2023 09:36:45,0,0,0,0
08-25-2023 10:25:30,1,0,0,0
08-25-2023 11:14:21,0,0,0,1
08-25-2023 12:03:12,1,1,0,0
08-25-2023 12:52:03,1,0,0,0
08-25-2023 13:40:55,0,0,1,0
08-25-2023 14:29:38,0,1,0,0
08-25-2023 15:20:49,1,0,1,0
08-25-2023 16:09:16,2,1,0,0
08-25-2023 16:57:44,1,0,0,0
08-25-2023 17:46:11,0,0,0,0
08-25-2023 18:34:55,0,0,0,0
09-01-2023 19:59:17,3,0,0,0
09-01-2023 20:48:14,1,0,0,0
09-01-2023 21:38:18,2,0,0,0
09-01-2023 22:27:18,1,1,0,0
09-01-2023 23:16:08,0,0,0,0
09-02-2023 00:04:57,1,0,0,0
09-02-2023 00:53:48,1,0,0,0
09-02-2023 01:42:38,0,0,1,0
09-02-2023 02:31:19,1,0,0,0
09-02-2023 03:20:02,1,0,0,0
09-02-2023 04:08:43,1,1,0,0
09-02-2023 04:57:33,1,0,0,0
09-02-2023 05:46:24,1,0,0,0
09-02-2023 06:35:14,0,0,0,0
09-02-2023 07:24:14,2,1,0,1
09-02-2023 08:13:04,0,0,0,0
09-02-2023 09:01:54,1,0,0,0
09-02-2023 09:50:44,0,0,0,0
09-02-2023 10:39:43,0,0,1,0
09-02-2023 11:28:33,2,0,0,0
09-02-2023 12:17:22,0,0,0,0
09-02-2023 13:06:11,1,0,0,0
09-02-2023 13:55:09,1,0,0,0
09-02-2023 14:43:58,0,0,0,2
09-02-2023 15:35:50,0,1,0,0
09-02-2023 16:24:40,0,0,1,0
09-02-2023 17:13:21,0,1,1,0
09-02-2023 18:01:46,0,0,0,0
09-02-2023 18:50:20,0,0,0,0
09-02-2023 19:39:02,1,0,1,0
09-02-2023 20:27:43,1,0,0,0
09-02-2023 21:16:23,0,0,0,0
09-02-2023 22:05:05,0,0,0,0
09-02-2023 22:53:55,1,0,0,1
09-02-2023 23:42:54,1,0,1,1
09-03-2023 00:31:43,1,2,0,0
09-03-2023 01:20:16,0,1,0,0
09-03-2023 02:08:41,0,0,0,0
09-03-2023 02:57:16,0,0,0,0
09-03-2023 03:45:57,1,0,0,0
09-03-2023 04:34:49,1,0,0,0
09-03-2023 05:23:38,2,0,1,0
09-03-2023 06:12:20,1,0,0,0
09-03-2023 07:01:09,1,0,0,0
09-03-2023 07:49:59,2,0,0,0
09-03-2023 08:38:57,3,0,1,1
09-03-2023 09:27:47,0,0,0,0
09-03-2023 10:16:38,1,0,0,1
09-03-2023 11:05:28,0,0,1,0
09-03-2023 11:54:20,1,0,0,0
09-03-2023 12:43:11,0,0,0,0
09-03-2023 13:32:02,1,0,1,0
09-03-2023 14:20:51,2,0,0,0
09-03-2023 15:12:42,1,1,1,0
09-03-2023 16:01:16,0,0,0,0
09-03-2023 16:49:58,2,1,0,0
09-03-2023 17:38:31,0,0,0,0
09-03-2023 18:27:12,1,0,0,0
09-03-2023 19:15:54,0,0,0,0
09-03-2023 20:04:36,1,0,0,0
09-03-2023 20:53:20,0,0,0,0
09-03-2023 21:42:10,1,0,1,0
09-03-2023 22:30:51,0,0,0,0
09-03-2023 23:19:42,2,1,0,0
09-04-2023 00:08:24,1,0,0,0
09-04-2023 00:57:15,0,1,0,0
09-04-2023 01:45:58,1,0,0,0
09-04-2023 02:34:48,1,0,0,0
09-04-2023 03:23:38,1,0,0,0
09-04-2023 04:12:28,0,0,0,0
09-04-2023 05:01:20,0,0,1,0
09-04-2023 05:50:03,0,0,0,0
09-04-2023 06:38:45,1,0,0,0
09-04-2023 07:27:35,1,0,0,0
09-04-2023 08:16:34,1,0,0,0
09-04-2023 09:05:33,0,0,0,0
09-04-2023 09:54:30,1,0,0,0
09-04-2023 10:43:29,1,1,0,0
09-04-2023 11:32:21,1,0,0,0
09-04-2023 12:21:12,1,0,0,0
09-04-2023 13:10:14,0,0,0,0
09-04-2023 13:59:46,0,0,0,0
09-04-2023 14:48:44,1,1,0,1
09-04-2023 15:37:34,1,0,0,0
09-04-2023 16:26:24,1,1,0,0
09-04-2023 17:15:06,1,0,1,0
09-04-2023 18:03:46,1,1,0,0
09-04-2023 18:52:20,1,0,0,1
09-04-2023 19:40:52,2,0,0,0
09-04-2023 20:29:35,2,0,1,0
09-04-2023 21:18:10,0,1,1,1
09-05-2023 06:46:38,1,1,1,0
09-05-2023 07:35:21,0,1,0,0
09-05-2023 08:23:56,1,0,0,0
09-05-2023 09:12:29,0,0,0,0
09-05-2023 10:01:23,0,0,0,0
09-05-2023 10:50:13,2,0,0,1
09-05-2023 11:39:03,1,0,0,0
09-05-2023 12:27:53,0,0,0,0
09-05-2023 13:16:44,1,1,0,0
09-05-2023 14:05:35,2,3,0,0
09-05-2023 14:53:59,0,0,0,0
09-05-2023 15:45:01,0,0,0,0
09-05-2023 16:33:25,0,0,0,0
09-05-2023 17:22:00,0,0,0,0
09-05-2023 18:10:33,0,0,0,0
09-05-2023 18:59:07,0,0,0,0
09-05-2023 19:47:48,2,0,0,0
09-05-2023 20:36:46,3,0,0,0
09-05-2023 21:25:45,0,1,0,0
09-05-2023 22:14:35,0,0,0,1
09-06-2023 06:40:03,0,0,0,1
09-06-2023 07:29:01,2,1,0,0
09-06-2023 08:17:51,0,0,0,1
09-06-2023 09:06:41,1,0,1,0
09-06-2023 09:55:23,0,1,0,0
09-06-2023 10:43:57,0,1,0,0
09-06-2023 11:32:22,0,0,1,0
09-06-2023 12:20:47,0,0,0,0
09-06-2023 13:09:20,1,0,0,0
09-06-2023 13:58:10,2,0,0,0
09-06-2023 14:47:08,0,0,0,0
09-06-2023 15:38:51,1,0,1,0
09-06-2023 16:27:42,0,0,1,0
09-06-2023 17:16:23,0,1,0,1
09-06-2023 18:04:58,0,1,0,0
09-06-2023 18:53:33,0,0,0,0
09-06-2023 19:42:15,0,0,0,0
09-06-2023 20:32:57,0,0,0,0
09-06-2023 21:21:39,1,0,0,0
09-06-2023 22:10:21,1,0,0,0
09-06-2023 22:59:02,0,0,0,0
09-06-2023 23:50:41,0,0,1,0
09-07-2023 00:39:33,1,0,0,0
09-07-2023 01:28:23,1,0,1,0
09-07-2023 02:17:04,1,0,1,0
09-07-2023 03:05:47,0,1,1,0
09-07-2023 03:54:14,0,0,1,0
09-07-2023 04:42:38,0,0,0,1
09-07-2023 05:31:12,1,0,0,0
09-07-2023 06:20:03,2,1,0,1
09-07-2023 07:08:54,0,0,0,0
09-07-2023 07:57:44,0,0,2,0
09-07-2023 08:46:19,0,1,0,0
09-07-2023 09:34:52,0,0,0,1
09-07-2023 10:23:26,0,0,0,0
09-07-2023 11:12:18,1,0,1,0
09-07-2023 12:01:00,0,0,1,0
09-07-2023 12:49:34,0,0,0,0
09-07-2023 13:38:08,0,0,1,0
09-07-2023 14:26:42,1,0,0,0
09-07-2023 15:18:18,1,0,0,0
09-07-2023 16:07:07,2,0,1,0
09-07-2023 16:55:58,0,1,0,0
09-07-2023 17:44:41,1,0,1,0
09-07-2023 18:33:14,0,0,0,1
09-07-2023 19:21:56,1,1,0,1
09-07-2023 20:10:36,2,1,0,0
09-07-2023 20:59:17,1,0,0,0
09-07-2023 21:48:00,0,1,0,0
09-07-2023 22:36:33,0,1,0,0
09-07-2023 23:24:58,0,0,0,0
09-08-2023 00:13:23,0,0,0,0
09-08-2023 01:01:48,1,0,1,0
09-08-2023 01:50:13,2,0,0,0
09-08-2023 02:38:47,1,0,0,1
09-08-2023 03:27:20,0,0,0,0
09-08-2023 04:16:09,1,1,0,2
09-08-2023 05:04:59,1,1,0,0
09-08-2023 05:53:42,0,0,0,0
09-08-2023 06:42:22,0,0,0,0
09-08-2023 07:31:04,0,0,1,0
09-08-2023 08:19:47,0,1,0,1
09-08-2023 09:08:20,2,0,0,0
09-08-2023 09:56:53,0,0,0,0
09-08-2023 10:45:42,0,0,0,1
09-08-2023 11:34:42,1,1,0,0
09-08-2023 12:23:31,1,0,0,0
09-08-2023 13:12:20,0,0,0,0
09-08-2023 14:19:43,0,1,0,0
